{
  "threshold": 0.5,
  "precision_pos": 0.4,
  "recall_pos": 0.56,
  "f1_pos": 0.4666666666666667,
  "macro_f1": 0.4666666666666667,
  "pr_auc": 0.4496409291524343,
  "confusion_matrix": [
    [
      14,
      21
    ],
    [
      11,
      14
    ]
  ]
}