{
  "threshold": 0.5,
  "precision_pos": 0.4,
  "recall_pos": 0.48,
  "f1_pos": 0.43636363636363634,
  "macro_f1": 0.47972027972027975,
  "pr_auc": 0.4315016113035277,
  "confusion_matrix": [
    [
      17,
      18
    ],
    [
      13,
      12
    ]
  ]
}