{
  "threshold": 0.5,
  "precision_pos": 0.36666666666666664,
  "recall_pos": 0.44,
  "f1_pos": 0.4,
  "macro_f1": 0.4461538461538462,
  "pr_auc": 0.43255211439265556,
  "confusion_matrix": [
    [
      16,
      19
    ],
    [
      14,
      11
    ]
  ]
}