{
  "threshold": 0.5,
  "precision_pos": 0.41935483870967744,
  "recall_pos": 0.52,
  "f1_pos": 0.4642857142857143,
  "macro_f1": 0.49776785714285715,
  "pr_auc": 0.4452807077261055,
  "confusion_matrix": [
    [
      17,
      18
    ],
    [
      12,
      13
    ]
  ]
}