{
  "threshold": 0.5,
  "precision_pos": 0.5,
  "recall_pos": 0.08,
  "f1_pos": 0.13793103448275862,
  "macro_f1": 0.4316028798787419,
  "pr_auc": 0.4366514249878626,
  "confusion_matrix": [
    [
      33,
      2
    ],
    [
      23,
      2
    ]
  ]
}