{
  "threshold": 0.5,
  "precision_pos": 0.3793103448275862,
  "recall_pos": 0.44,
  "f1_pos": 0.4074074074074074,
  "macro_f1": 0.4612794612794613,
  "pr_auc": 0.43388609550026114,
  "confusion_matrix": [
    [
      17,
      18
    ],
    [
      14,
      11
    ]
  ]
}