{
  "threshold": 0.5,
  "precision_pos": 0.4230769230769231,
  "recall_pos": 0.44,
  "f1_pos": 0.43137254901960786,
  "macro_f1": 0.5055413469735721,
  "pr_auc": 0.4270154507337033,
  "confusion_matrix": [
    [
      20,
      15
    ],
    [
      14,
      11
    ]
  ]
}